{"protein": "1uyg",
 "ligand_epoch": 200,
 "complex_epochs": [200, 2000],
 "kick_center": [2.3558855375608507, 2.3558855375608507, 2.3558855375608507],
 "kick_radius": 20.0,
 "kick_strength": 5.0,
 "print_freq": 10,
 "conformers": 10,
 "init_random_seed": 12345}
