{"protein": "3nya",
 "complex_epochs": [10000,5000,5000],
 "init_shift": [-3.0, -9.0, -9.0],
 "kick_center": [-2.203958342472712, 3.352791659456367, -51.65841658910116],
 "kick_radius": 25.0,
 "kick_strength": 5.0,
 "print_freq": 10,
 "kick_seeds": [13001]}
