{"protein": "1fin_ENS_dH",
 "complex_epochs": [10000, 5000, 5000],
 "init_shift": [0, 0, 0],
 "kick_center": [-13.094694, 205.03195, 114.42654],
 "kick_radius": 25.0,
 "kick_strength": 5.0,
 "print_freq": 10,
 "kick_seeds": [86498]}
