{"protein": "1ezq_ENS_dH",
 "ligand_epoch": 11,
 "complex_epochs": [11, 11],
 "kick_center": [7.695756584124446, 5.493069169768728, 22.10366426601344],
 "kick_radius": 20.0,
 "kick_strength": 5.0,
 "print_freq": 10,
 "conformers": 1,
 "init_random_seed": 12345}
